company_name,complaints,pct_timely,pct_relief
CAPITAL ONE FINANCIAL CORPORATION,12915,99.99,21.0
"CITIBANK, N.A.",11591,100.00,42.3
SYNCHRONY FINANCIAL,8744,95.71,18.8
JPMORGAN CHASE & CO.,6858,100.00,18.9
"BANK OF AMERICA, NATIONAL ASSOCIATION",5828,99.28,35.6
AMERICAN EXPRESS COMPANY,5513,98.55,22.7
WELLS FARGO & COMPANY,3541,99.97,26.4
"Bread Financial Holdings, Inc.",3519,100.00,47.0
GOLDMAN SACHS BANK USA,2876,100.00,27.6
BARCLAYS BANK DELAWARE,2641,100.00,6.7
"EQUIFAX, INC.",2335,100.00,52.2
Experian Information Solutions Inc.,2280,100.00,3.3
"TRANSUNION INTERMEDIATE HOLDINGS, INC.",2149,100.00,63.0
U.S. BANCORP,1880,100.00,31.4
DISCOVER BANK,1500,100.00,20.8
TD BANK US HOLDING COMPANY,1401,100.00,30.2
NAVY FEDERAL CREDIT UNION,1175,100.00,22.9
"CLGF Holdco 1, LLC",1087,99.91,17.8
Chime Financial Inc,1043,100.00,7.9
