issue,complaints
Problem with a purchase shown on your statement,29323
Getting a credit card,10438
"Other features, terms, or problems",10293
Fees or interest,9430
Incorrect information on your report,7696
Closing your account,6298
Problem when making payments,4621
"Advertising and marketing, including promotional offers",3993
Trouble using your card,3574
Problem with a company's investigation into an existing problem,3294
Struggling to pay your bill,1314
Improper use of your report,595
Credit monitoring or identity theft protection services,184
Problem with fraud alerts or security freezes,98
Unable to get your credit report or credit score,45
